threshold,accuracy,coverage
0.3,0.38308457711442784,0.4276595744680851
0.4,0.4496124031007752,0.274468085106383
0.5,0.5408163265306123,0.20851063829787234
0.6000000000000001,0.5611510791366906,0.1478723404255319
0.7000000000000002,0.6320754716981132,0.1127659574468085
0.8000000000000003,0.5882352941176471,0.07234042553191489
0.9000000000000001,0.28125,0.03404255319148936
